{
  "rmse": 45.4374221957831,
  "mae": 38.09964404141861,
  "r2_train": 0.9930404556401569,
  "folds": [
    {
      "fold": 1,
      "rmse": 30.081614613588332,
      "mae": 23.627869150400404
    },
    {
      "fold": 2,
      "rmse": 31.29668567432472,
      "mae": 27.922152985920572
    },
    {
      "fold": 3,
      "rmse": 64.98514893729144,
      "mae": 54.76806190340862
    },
    {
      "fold": 4,
      "rmse": 55.38623955792791,
      "mae": 46.08049212594482
    }
  ]
}